social,algorithm,gpa,age,y
4.3851101829028645,3.90273709725284,3.8543885524303168,3.4627523355841223,1
4.8723966860115215,4.127768121698175,3.8026229679459216,3.2967189130665875,1
4.830242242691441,4.779076968253841,2.9794671306068774,2.2913618810349785,1
4.848430976546621,3.3967784024264516,3.1303002599847534,3.409216055405061,1
3.6027837115350136,4.199958162926739,2.8209206658222956,1.8151516047777556,1
4.627759561681717,4.607905264135105,2.463296715994623,2.422360586462069,1
4.454466621195594,2.9220614870050037,3.1907926120944246,2.2842495787578914,1
4.994310826535405,4.42319435139632,1.523615003321808,3.9912891295840858,1
4.729948517422791,4.3838986095324755,2.497669700672904,3.7007726142976596,1
3.2530315068523166,3.0063976139188506,2.623886603569566,0.07124685469117509,1
4.292307686911708,4.898882493178105,2.0268073457126605,1.443440158027361,1
4.336739261114903,3.0912355296519998,1.3699735904879315,2.016294231260897,1
4.573622390676525,2.6064860905167007,2.718036115063302,2.3690256767097417,1
4.6165977454494165,4.978544843620731,3.522121987495278,2.3626103415728914,1
3.831382078965884,4.117816810807179,3.3251831192419594,2.6651344946382367,1
4.590473213774041,4.593696352833024,1.0031017782725984,2.0743152068039086,1
3.8575751249446344,4.386856730291791,1.739923980193673,2.729598117147797,1
2.4115118501630857,4.309337287150869,4.030058904462546,2.154925664685451,1
3.932104727263568,4.380168675504775,3.180467007867805,2.842333908811882,1
4.080890395525435,4.958729094134476,2.4093178435505265,1.6832100907169159,1
3.788255362408143,4.953910921033771,2.3738947709539473,2.5829595863836046,1
4.467532787654006,3.784969062042696,2.6320365254632465,1.6776838605149682,1
3.5591634382438877,3.791909935393016,2.1273683769485587,3.4956467146774397,1
4.06427894243902,4.069069871045867,4.058733432732103,1.010023144257548,1
4.128489171047513,4.669812383707629,1.7179622889855053,2.8242061691391447,1
4.220488800255447,4.56798674553134,1.5652412303426875,3.005006984454551,1
4.841845949588109,4.917514094105166,1.973023721940802,2.313067180849015,1
4.064132490650618,4.412042158521963,3.456163572753435,1.1122392358379616,1
4.504531649532171,3.1109896457539756,1.0813903393839013,1.5298123328942217,1
4.039556634870115,3.9521576592278036,1.994425970074205,1.6536189971705197,1
4.697598252031359,4.953818126001343,1.0887674574377404,3.629228970036761,1
4.486950379218187,4.216862861474911,1.864346347357923,1.9593934124939971,1
4.570574448598169,4.111443465842714,2.4801888115030613,1.950149217593953,1
4.138665059149568,3.2322430331779444,2.6744236018287753,4.235060750983442,1
4.986561885548267,4.865167801586751,2.1433264305101463,0.5369503280289925,1
3.273602964633379,4.845014605050725,3.6190796595694437,2.057412171272158,1
4.276801076864346,3.6813779279754772,3.894199450348581,2.487814675040296,1
4.5409754990618625,4.7509144374286345,2.6623462248178935,2.546762152023567,1
3.0836314470384747,3.2693778487555623,2.852888504913324,2.58119916997098,1
3.418820357485388,3.9446935681143116,3.698797564363363,3.1016155224118367,1
4.628115072238561,4.180085683571833,3.386251962439912,0.7547424953310311,1
3.3104489082863022,4.036724627019401,1.6751682479478451,2.22072499571342,1
4.616158544155916,3.375159926134062,2.1400203168883074,2.001854351781809,1
4.959271099046539,4.513050350341859,1.9689398472196946,2.697162703362506,1
3.470734953094359,4.838131817611304,3.527771048588065,3.045926053720992,1
3.717707503190306,4.7537202048452905,2.7882130946396497,3.38375459542128,1
4.2651361262073255,2.301983177810565,1.815165410593654,2.7469482664265636,1
4.473770308770959,4.360005045276829,2.7959813344378763,1.9972959061824929,1
4.7994009239694435,4.611580529095625,2.151702252052314,2.618620321006229,1
4.416161661302894,4.6705298654712655,1.6515241725032852,0.9892740417679231,1
4.057373960536911,2.7601263330970456,1.7999452520886878,4.25364764388125,1
3.989548171633337,4.410460058445796,2.5728399037063054,3.4736520199173966,1
4.9148333588593065,3.949137866972578,2.7485468884185846,2.8083832899657497,1
4.8339401227795005,3.682971943188397,1.0537627718296432,2.71307061658676,1
4.738359949848141,4.389834013901821,2.2721924272093803,2.6666478911475786,1
4.587535191639963,4.300139528177983,2.062876769972643,3.018452944509665,1
3.94115992952515,4.86612673277853,1.1999593647212041,1.814865039119832,1
4.326612685435315,4.026816033419212,3.993169172096425,3.445772081040264,1
4.422237049781197,4.917918130875123,2.535177979024632,1.9253345970765499,1
4.260525287478776,4.117693764356682,3.065968185664387,3.9629646443232884,1
4.912840739744543,2.8976156741513748,1.922196524285472,1.8000945555240169,1
4.66382191988718,4.963306198012567,3.728910326761472,2.292111760905501,1
2.9398639111797245,3.376946523958199,2.4603864380254454,3.335336787655634,1
4.955787331450469,4.83631969161016,3.4318745546210723,4.751471936320785,1
4.603704199932119,4.984833062675907,0.8369451925143785,1.3505101025789361,1
4.6029340397346274,4.2030480078317956,1.5429625347274833,2.9980589503723207,1
4.338781715193323,3.641891738620733,3.6827570033253725,1.5877482147198885,1
3.7284115682729775,4.410291834499983,3.581875993525606,3.7771911313381095,1
3.5554456707323503,4.10254149010833,2.1832052969413525,2.7226858322995224,1
3.8395990712485712,3.739099916719238,2.316828628116202,2.769794166607226,1
4.734484077066072,4.3876573330727275,2.414735354186019,2.696908187683995,1
4.046830220734262,4.909507060937904,2.1438473849740665,2.9409698303417424,1
4.700248563480644,4.356810116125328,4.711848955425759,4.594401872495661,1
4.556703337959629,3.935596243399946,4.309161706155635,3.7838976393921344,1
4.412774735157743,4.680797408812233,0.9306032113865041,3.576113202072184,1
4.633015644203396,3.777818158980935,3.137649338757583,1.8298906538672388,1
4.732209593438798,4.31847365498965,3.8863040282114913,3.9815930284357934,1
4.669474642302883,4.3385438466910715,2.6053154460093926,1.7346233699491753,1
3.570436663704206,3.940155132411755,1.8949249543368296,2.759050163263634,1
4.641776804978139,4.0413981224199755,2.1962587485749197,4.454374565323343,1
4.790918816705884,3.8787495927524187,2.818713595338813,2.339922797794492,1
4.949503274028968,4.811199005500109,2.3767254368005006,3.3172418635898806,1
4.975854048051178,3.2771239638833687,1.7446601762131322,3.4056965241178974,1
4.671008319261908,4.266505816563583,1.929031492481669,1.8269365066025114,1
4.9955762383588755,4.806249706349269,2.329401395685251,2.657272443137631,1
4.86586815253239,4.262072338407986,3.4730160609012306,3.723466986064163,1
4.319557942967807,4.704803435635843,1.9530255474864129,0.5308788923834316,1
4.574102920401639,3.8106206899002606,0.8217180348549487,2.425192518458891,1
4.022237453667898,2.662448745310645,3.1116079993100034,2.722283993580604,1
3.67093639386035,4.100366309798338,2.185068289933528,2.703280115421854,1
4.6471096095252005,4.680838852139728,1.5313999133517466,3.678430351211942,1
3.8820136219838437,3.3651102985225396,1.82850509613047,0.45432883063705454,1
4.048058567043137,4.529903398432104,3.7024970367117973,2.5182970543055383,1
4.684849267813323,4.554513812139422,4.67444859938858,2.9590404596542497,1
4.858847987047442,4.396391999031902,3.767652674030211,2.085803358839461,1
4.866454841859094,4.2580665224017915,2.7742470727109376,2.7217484341028078,1
3.9212849509054903,3.372196064912065,3.413615833955201,2.7602149237842375,1
3.981399273150158,4.566832171962432,4.442456703144742,1.6751369302197279,1
4.5857317470328995,2.872087075946922,4.128709916525986,3.769542152801935,1
3.9697490728752873,4.568654572175063,3.863029548612392,1.618250587061328,1
2.9675788841377173,1.3738124434431964,1.6511218243337566,3.014364325089567,0
2.1997128242168857,1.1879560611573154,2.1796190895385092,4.420620193390702,0
1.4981154393272502,2.2078974733038534,4.277943715068101,3.0815664621307883,0
1.1527934608571258,1.0549492740500481,1.1753454251450284,2.5064799610768618,0
0.6757970548641729,2.2668350596501847,2.2643726360627072,1.911272101131505,0
0.8421649390192215,0.6685183648393482,3.3034550566896965,2.096973640419517,0
0.8267737305754093,1.6695588146423526,2.353574156578609,1.673167256613584,0
0.8022709414104167,1.5144399336453276,2.6471264797790184,4.563148633095155,0
1.4028004682155113,1.3702848392803633,2.3509767960475942,1.3646474011396867,0
0.5777057280966684,0.9693562922802887,2.11471924545233,4.045626949772732,0
0.10483597971089198,1.181644455735671,2.3924547497959066,2.9446388566344694,0
1.3791268895659041,1.32424575590282,3.231864623844589,2.4978322692030854,0
0.5852472471569357,0.34730417136854186,2.3588763952373673,2.277973479359648,0
2.5968130945490002,1.454615228041261,1.6556787691335004,1.684229329180654,0
1.2013313369483334,1.9189603726065418,2.708276896384566,2.0689823776470124,0
1.3853804010211603,0.9956184397053798,3.174194285421728,4.539909056077662,0
2.2736166343222317,1.5830885270000934,1.4418829924642327,3.9394628471477464,0
0.5927057435312079,0.7249965471094126,3.0064790317112196,2.270839776566147,0
0.29386021210365754,0.3048309194635319,3.717880238087191,4.394565299636278,0
0.8387088793049101,2.316060267428885,3.2251250285794937,2.437750744269236,0
3.068310214519945,1.6652691579512857,2.9322487523731757,1.0980858664701962,0
0.16163611478884465,1.8259623059976446,3.4266302061882072,1.3137615340364561,0
0.6731467083044899,1.6576124936290884,1.9103227567086871,2.1394815828989944,0
0.8649531404326419,1.220980847678699,2.8811366125424964,3.0657722264418537,0
1.8458618095900392,0.7749066092061326,0.6235018003456299,3.071501562063306,0
1.3657853362356036,1.4869580060320569,4.404886759045048,1.8530969007280467,0
0.6540309437328714,0.6650243089091241,3.6210502447831843,1.2130898141178719,0
1.786924538306764,0.7375387078645281,1.7749990316647204,3.3693194506425255,0
1.2560497321202413,1.0614435307585488,3.3229919166743342,1.2284925873390997,0
2.224502019019144,0.2689297638039928,2.188351857899232,1.7273583609615046,0
1.0797629648347986,4.361187422159109,1.4056621054894447,2.776503346268737,0
1.0715478848378475,1.2711064285893132,2.764316551774496,2.202381074564811,0
1.7817477976646172,0.8815435229476604,2.5101473739841444,2.891324354098219,0
0.5893999495926815,2.4654831397383132,1.5356955844865066,2.4241244393202668,0
1.101289523733228,0.1537392390942549,1.7222432385498516,2.2009973221436785,0
1.5100169181264946,1.92094403650345,3.263456706841413,4.336985720437825,0
1.4767055869857857,2.278301643963668,3.8581844883490035,3.782696983804059,0
1.6281123144688776,2.615229553660747,1.0271427016294004,2.6853017209766312,0
1.1488325681940137,2.4623079322000385,1.749091422669897,1.412053749470599,0
3.3580338757455097,1.8865312281381668,1.6826175973464816,3.3623093312393504,0
0.7389164171649889,0.6881906082058986,3.4902187445153894,2.519781007110189,0
1.894407650925563,1.235329931775703,3.179375849827675,2.431195619826463,0
2.1353607553800606,0.8581997706082503,2.2447857356941667,1.4049029326411917,0
1.8951298207667993,2.649831333006695,4.043924849322529,1.6409555727996714,0
2.529823599672062,1.2111768659806896,2.886036816192366,2.291038425201892,0
1.678034270945445,1.9256629054959427,1.3831760708723895,1.0836238165972802,0
1.5377533509671781,1.3810037655181888,2.4739950791746614,3.8509799701392913,0
3.4893744248549616,0.809612222447561,2.954815167516107,3.194944963010126,0
0.03574039542076535,2.39250790927483,3.286854852008677,3.1441680021788585,0
2.245459082411905,2.310394247646188,1.9412387102547406,1.0192564951566194,0
1.311009077697011,0.5546066399186558,3.5691044405896744,2.2953907317248166,0
1.2351545925993979,1.2362060078082497,2.634129323707362,1.2330323066294429,0
0.5891017798072374,2.756277805088586,1.89155597956732,2.0905678530467173,0
0.7086044194400356,0.4335212226058237,2.9689345840214134,2.042886293180374,0
2.0843611766116963,1.96057396037441,2.6696370169220547,3.5842373952621416,0
0.4449537644543351,0.9611611912662833,3.837551611376539,3.5137620994315535,0
1.2274570358519314,2.54306900603883,2.693720421536871,3.4697328801037566,0
0.643890907279695,2.0784583687547737,3.5861720752516937,2.6804915877241906,0
1.3078109143072512,2.7027312972046516,3.685378247368976,0.5080431312299498,0
0.30469664990865075,0.11833645830588402,2.0557965181210465,4.284192402642462,0
0.9209438762595092,2.498107193919748,1.8574770300277763,2.224752644762109,0
0.5540936217046928,0.7276973904565524,2.637991443327313,2.145074038475426,0
0.6220573030077481,1.0402755141901419,2.0458449657533,2.8506724156210206,0
1.2094334071149266,1.5220253856518682,1.5955433751252128,2.360490274299125,0
0.5295866261978459,0.9377609416872594,0.7018113826008365,0.8823558738403394,0
0.3451342281906633,0.9265544515124723,1.1026758686596905,4.121789946582983,0
0.7027220847377548,0.4360599803258922,3.01481073983373,1.6044936247533321,0
0.7643356089476819,1.0538877540046603,2.404414641833785,1.3246843788886813,0
0.7508467932934209,0.6976132820307375,4.549302536339198,2.9558367013552496,0
1.584199367201717,3.0930734826597477,2.245756219276557,2.9974906729297106,0
0.4656131506028872,2.4274100317927347,3.304307392307169,2.5769970914552034,0
1.9009078978773046,1.5607942346245056,3.219466389669507,2.270945261544998,0
1.1404889540943026,1.8171472041134655,1.7360532401958797,2.8161508181903945,0
0.3568362950542685,0.3222259559939179,1.1668096096913811,2.2154441024974325,0
1.0578942235757138,0.9424378968244074,1.4793144253582253,2.483562521262093,0
3.4983090545518833,1.4699702837322974,2.829443403739524,2.4221164328452502,0
1.5343973224762086,1.6586778376639413,3.910077188774652,1.732056656419793,0
0.670802704742091,0.6689090610630661,1.7616326366039887,3.1302663090125677,0
1.2851703850243925,1.071189273118728,0.6468754295702244,3.2809306260979167,0
1.5252548933972292,0.5644897204485232,2.4341007062014572,2.770280545885335,0
2.282071276487645,2.0294484698005877,1.9704010884810197,2.6575546960389747,0
2.447483301772613,2.696345736435859,2.0878681244006105,1.0400525242970997,0
1.1540446787716454,2.3565753392376205,4.308862921812491,2.7835205890925234,0
1.8330456411791065,2.786740440521886,2.7538137221927492,2.685422438004603,0
2.2952673981844782,1.8141071037038843,1.8502262075350768,2.9532665741991955,0
1.6744121841189918,0.6650642769939559,1.9548360904215853,1.7999178807655696,0
0.5675316552110785,2.312788138570771,2.8596871252316425,1.1534671387651176,0
2.2589614077262166,1.0794021557229738,1.2147212225656507,2.7078682928573157,0
3.658778608003129,1.1630236423757945,1.6933279097842173,2.606136875792533,0
1.7952857520894958,0.6354481224114349,3.3605547124390465,0.617983254161451,0
0.23819233787395178,0.9185222272524288,2.083642106857922,3.7546775956558376,0
1.5820025364363415,2.5331665907507848,1.087909249163272,3.7842045442482766,0
1.4286643399700198,1.4258571966065559,1.5973458386161647,1.2219112477700558,0
0.02247482583464644,0.828780283337888,4.183288921302735,3.982055304757059,0
2.5424761581542152,1.3552015514157283,1.8795288567301582,1.041183470688436,0
1.9909296260484348,1.9428922848450076,1.8326654043434019,1.0010867730636404,0
0.9919198285139488,2.350576424531304,2.6353602871711272,2.922124104416732,0
2.318273702786035,1.4186151046175903,2.2126164255430356,2.9574723231271096,0
1.288793462199374,2.242863467223881,1.4310070017770553,1.640831567610877,0
0.9125828539143871,2.091422852773241,2.7846644488273666,3.1583691352479564,0
0.3650157717282706,3.439608669847141,1.1092188717313411,1.7353716549845188,0
2.093122669531478,1.4048588046675592,1.6796433938597706,2.189470411217892,0
3.23634851654399,2.6190524548354324,2.137044910428456,2.169125856631907,0
2.7362799160558966,0.18405174499473087,3.9823078108698464,2.2929218221073637,0
0.9545518180364058,1.22756187736226,3.0058225826193143,4.835984219007614,0
1.0002263741538393,1.1110989167131124,4.120992516574195,3.344131724566119,0
2.265413164207491,1.7705155573473375,1.1031343442087316,3.0872255085127533,0
1.439682491126707,0.79086888525709,1.739896598644881,3.095945151498542,0
0.4825730447572766,1.0546696386195218,2.038868339631207,3.5390427242741787,0
1.145953272978021,0.7401906847189825,1.7993854082326783,1.7428809547195145,0
1.8181417128380386,0.47372606761805836,1.206696257558759,2.0212659788873117,0
2.3978723886374405,1.5893459584721903,3.412044724685114,4.735009837131381,0
1.125084571133899,0.12041167445532597,3.214998563135107,2.5918118211192085,0
1.6011801420652452,1.2469697062488299,2.2839480730473514,3.38290625216412,0
1.9073188590337622,0.991030869062228,1.931127440635784,3.95850137256339,0
1.3452089697888052,0.02558439738010121,1.1869038664769784,2.231845115414905,0
1.2757027677245725,1.1312095675477045,1.9205254123090065,3.40507006042215,0
1.5313143098595856,0.5777001059398168,1.251716022479648,2.918671298071901,0
1.4741764278749492,0.28922784259051004,2.5890681162733444,2.2138539659164813,0
0.8987027708007378,2.0709715374913555,1.4266230371550561,2.6842704211602744,0
0.2946996637764303,1.8784987180423975,3.194420846317623,0.6094550995293928,0
2.2655600008936814,0.6023342007448884,1.8745216647965293,2.3866434968608066,0
1.3963956422165185,0.232840919065739,3.2932924350373325,3.142973540586792,0
0.7852205543295,0.15174264050869557,2.289037381816067,2.2242214971023806,0
1.547063348281747,0.48855047716547495,2.8026874381759206,0.9654394043599328,0
1.930106073396237,0.7479219916321989,1.771577713388231,1.4199089680155987,0
0.4389102302577591,2.8795416148689785,2.7468763840065287,1.8570379550452893,0
0.18926587331241185,1.3096524700152048,3.7318727391160547,2.7263600525762373,0
1.3107590334397463,1.3110656651606931,2.018634652994736,3.2808137968940203,0
0.6149904142391575,0.4396480015933979,3.141037226193021,4.708529280289076,0
0.5139959244383098,0.7662447076061613,4.906796134133556,3.9121960541888416,0
0.6750027057560182,0.7149228609053826,3.549909718272219,1.8765483673582246,0
1.8997566519716869,1.3137435270801012,3.664404453416248,0.6897288400336403,0
0.33074866453650076,1.3733115812479264,3.043150091296285,1.3379590863869297,0
0.4656543258924696,1.349867733173886,2.2409528392569498,2.2120836256489618,0
2.335767652855471,1.2624094876286152,1.2281845487222685,4.130939249740039,0
1.4299141182887454,1.9672484134503372,2.784163244549632,1.6373830409420982,0
1.76805269823967,1.4238108849563553,2.32596489063924,1.6870073188740728,0
1.09516243083245,0.6759395680834732,2.150649141434157,1.6399436745284994,0
1.0346473222255448,0.5063373201627434,2.8131459565143633,2.491133781885878,0
2.219021253489177,1.583772145099513,4.034575694612151,1.882069599996465,0
2.207914319878488,2.354418761515796,1.634704991051875,2.5705489867187867,0
1.1280772050785866,1.3193030120318674,1.8178944912287753,1.6626762000027042,0
0.09255719780120208,1.4454490821490942,2.5286365862067797,3.7867978189463924,0
1.4609788917450328,3.3848361728045697,1.593863721764984,2.906248301248993,0
1.1973330136455438,2.0664514333102915,1.9298531970472923,2.0280470139186795,0
3.1260032713352763,1.8782971916512041,3.2342447499977895,3.561328558230804,0
0.9542855732802835,2.37943692160043,1.1712456515722318,2.6024716503298615,0
1.0272815952204868,1.3496348834480845,2.5407030658731204,1.7719603196008311,0
1.4216622705274604,3.1824595305763053,3.6805365053483774,3.502103098940035,0
3.067197250315294,2.7971153550272065,2.0759068256602444,1.789683439146092,0
1.6186106299513814,1.878633909593146,1.244039554016567,1.1945953855895377,0
1.2538435336204607,1.2518114899463932,2.645861156755214,3.6831020784350303,0
0.08946007562937153,0.7666323182418738,3.1475835287847342,1.8311892631664821,0
1.446361086224623,1.2423933923031258,3.616878990864693,1.4628351377014186,0
0.5816851366085856,0.1944733246175565,3.024956894500281,0.9559175268969402,0
0.6314630914988533,0.21126212936363375,2.532050114696381,1.630357390779138,0
1.706612854472509,0.7558550257764197,1.5157771906885518,4.362663374994122,0
1.9173630761477345,1.0544417755547475,4.332159757903171,1.8085219870154219,0
0.5860345097841764,2.8335223958257423,3.649082848683175,2.0179020370494953,0
0.03715248003930449,0.02410619760052002,2.4801269588040964,3.7150507310692977,0
1.0453966177723233,0.08091758677462468,3.7402163668803325,2.3389595358641198,0
0.4894764597388175,0.11552203749156953,2.2599188338902176,1.2825748612141692,0
2.5840704786551223,1.467005188471904,1.6736603322244585,1.3167447675646449,0
2.8770897138122367,0.4829826734208028,0.34682206319119047,1.8486518086585297,0
1.2146717165963938,1.2335818956425189,3.2386252290078765,3.1571627872868744,0
1.0157581395054112,1.7678493972936997,3.0860741999983556,3.795820509732695,0
1.4593663679550337,0.2649199191002559,2.995243667984768,2.4807316569858164,0
0.6993191194288793,1.2258902437294839,1.8845546399883124,0.3338750299975941,0
0.11088951770621891,0.7356409555911138,2.6090392126919473,2.4008895137921913,0
2.1584850123556087,1.0936406691880658,2.087897154131419,1.9625443049471964,0
3.189332398469339,0.3782788767213451,4.451171210812409,3.0351331052870876,0
2.4229001108248225,0.10045267011509762,3.4185446738809686,2.619580885979157,0
1.2729693030329732,1.878717283370016,2.707300563276588,1.8542079179016824,0
2.123756341843639,0.49399142464340795,2.2889687065699635,2.1631694201678484,0
2.4862365793073726,1.191715927256423,3.114633523612608,3.309215892084778,0
0.5758557100677467,0.10885333064303881,2.5883200079147857,3.028439635464383,0
1.1788866601655108,1.4779559249217,4.161752988508838,2.4732517052652114,0
1.6037218302764593,2.2469673182173837,3.5640029810574876,4.547454501216761,0
2.575957720416932,3.065987909815752,0.8497915391069122,0.8045802955525936,0
0.5928721587380025,2.0023152180848864,1.0752002655267765,2.081615604219534,0
0.611573960384373,0.8857910191783639,0.8942994053697602,1.2425736061804782,0
1.2540753495471635,2.3526444409862153,4.331419714482088,2.396469394161293,0
2.1364413188565514,1.8652425753033723,2.627124709527448,2.7787034690614614,0
0.8397181343329752,0.7874213037572941,1.5679301152832272,2.374527879548917,0
0.6538514421946926,0.47948601143377745,2.382647732978592,3.8460503082651805,0
0.29557936046936806,1.1839481675090953,2.6217909613710133,4.833415903056714,0
1.5985833599097612,1.717819477724098,2.3883458614665667,1.490030139768758,0
1.689812501632041,0.45359200520271026,2.4968937791549615,3.768729214789966,0
1.1315263537917604,2.2877049713934157,3.146670794226317,3.4636939058459584,0
0.67279244316776,2.816050413892373,2.0513080890172204,1.4156884403325871,0
0.493051246270359,0.179620023856231,2.496887511428636,1.875681382820136,0
1.113557994163472,1.4526670615184867,2.578788920503543,1.2367327189576092,0
1.1883898457964015,1.8329788419032653,2.2982748241148747,2.391354414075481,0
1.014746812386213,1.2970335500121177,0.6923804549231374,1.9125441584306508,0
0.031869109964637654,0.9675557082814582,2.047689849495957,3.6426531638609183,0
0.6299668630691122,0.7862141877407374,1.1526503024205326,3.496019164914274,0
1.5396961130232132,1.4781065287417388,3.9919100142422077,1.302388939255789,0
2.167189497781643,1.49647099014087,0.4600562951990317,1.0265972415979236,0
2.3099317705738143,1.3935868299924725,1.2754931634452313,2.7854749340737817,0
1.4577207470252813,1.521387922498341,0.8885026255869157,2.7035141192778913,0
0.31653448133797957,1.9580359842311799,3.6116552775027735,2.552022184036308,0
0.9984441657435599,1.3623691860352851,2.8873544489440994,1.7953315084309742,0
1.793006777489365,1.2951912993293506,1.243874705492016,3.8427972747290884,0
1.4447978532759016,1.576621574745753,4.045749172849633,1.3720100980514316,0
1.7336350798636315,1.2627110607070995,3.972174769008636,3.173949247431421,0
0.9745714171719175,0.7403159710239614,2.236671948283922,4.023997870506597,0
0.026203342622701298,1.0483905297345437,3.083698410600955,0.4776175679105581,0
1.5683168887786794,0.9374425824855073,2.296819530680545,1.1013617761014385,0
1.0199170868848664,2.4728110213553878,2.6667732100787642,1.3766329606456396,0
1.1292986786466983,2.9325246647579544,3.017665404263394,2.211197772248405,0
0.6320976805059737,2.59419261727823,1.7909845095990966,2.5865822239341267,0
1.6195773084229972,1.6840670347851137,2.258616631048631,2.6967602056139763,0
1.7800104404345543,1.4065766777796633,1.5564021430479316,2.914691144265784,0
2.097270258147127,1.4683092667328517,3.5676485971017664,2.9303174134350347,0
1.865473502722163,1.5681160284577147,3.586335903265189,4.1857095927470365,0
1.2736026482277207,0.2834994200290788,1.6116582330224622,1.9555145195434687,0
1.470666139408634,0.18717721004451604,2.38465766787921,2.3213678266573514,0
2.355442938683705,0.7047694781804915,3.1037365320815766,0.6659219815082884,0
1.7879824242407194,1.1972178204098218,1.0190074838747478,1.421492583018902,0
0.576645745793593,0.008755950809005042,2.8480483587858587,0.17870025976259285,0
0.9230936683984112,1.8712961116456248,3.938603471852117,1.4932856116526425,0
2.1026798752177527,0.7183669587557301,3.586467339938247,2.1441744150588606,0
0.8784984715048934,2.106571159838785,0.9950320926927134,3.093112162620691,0
1.5741111492443536,1.1249585764706502,3.133765644559727,2.5460287489482667,0
2.2481579019212012,2.63210354696675,2.544600194414855,2.7492414758709605,0
0.3723835403948986,0.8846213312695185,1.8209883467801027,3.640586568978076,0
0.18456801804846645,1.1385595949685248,1.560512528221083,4.000225366764994,0
1.7168038252973528,0.016489462096259455,1.4950904700812677,3.0399641604060097,0
0.3972798030687249,1.1946925852255137,3.1410905248940395,3.543959834551634,0
0.5722854918132666,2.146191554367311,2.190690263931778,2.4209770654500686,0
0.7249757282424298,0.48179162810021814,3.242633159404568,2.3137247494024002,0
2.096020091451745,1.4934327016203883,1.3055824225820496,2.265788667959816,0
0.34651869651238076,1.5614004589821504,2.292103043710049,3.1221816215082754,0
0.360125423316482,1.966049207596561,3.2992850861155407,1.7640130579726208,0
2.038043848831593,1.0163238781711001,2.3030608291646995,1.3352228659451195,0
0.21914532662358122,0.2911562654736882,1.4098869713183415,2.141579130360989,0
1.6155784676647675,1.2281389059703343,3.1943405068619692,2.6324648124025702,0
0.3588790917878768,1.3900472110524462,3.2956803709884497,1.8459206515205562,0
0.4996793508883034,1.6797611113008393,3.2117247546531233,2.3784109654963963,0
1.9750267851284273,0.34803108557080753,3.851845409859755,3.5091216771729705,0
0.7956461461980271,0.710157228459692,1.827955955280719,3.684015290170821,0
1.8003444160485746,1.2783210705745556,1.3851784385797579,1.8152995191841492,0
2.1877232535045508,0.0019869859809624746,3.1127127275221365,2.5194662992199226,0
1.080946710990452,1.402802890623164,1.6586653738034576,3.5531109388281807,0
1.4771942787613723,1.867838595290959,2.030528185272039,2.030017587606783,0
1.933829845070718,1.7459532117480492,3.0137637877453756,3.369017081043854,0
1.8689181771781391,2.1234482971290514,1.9209198437176744,2.818714467505491,0
1.1928720342795374,0.8698518881106403,2.781482250334068,3.36765033986775,0
2.0299303211237874,0.6626710505620395,2.800523513345962,3.2321778252081383,0
1.174620979179084,0.05611773501079542,3.8609284915975945,2.587806158828195,0
0.614923423915931,2.053788564005388,2.7984507085935464,2.9281671467347663,0
2.4070118079988845,0.7850583451601753,3.304923807590322,0.7787643448195576,0
0.5347316581146226,1.0507339861217175,2.355604404609614,2.6190018923159997,0
1.5395229628464748,1.604931530088932,3.057674874373469,1.9788193331576265,0
0.6275162197624222,0.6412656171266924,2.132235509691855,1.9575619976366103,0
0.0740539115851081,2.426332556007413,2.8860969698446066,1.0660978059473416,0
0.027601647807505292,1.0192584050631872,1.8339444635333482,4.141048426119434,0
1.4206415666513914,2.50348213028607,2.4931167775433933,2.528569532258232,0
0.9958518692879267,1.1920116827953446,1.6600608367595466,1.4492608072903213,0
1.3707128639762567,0.28439570654612734,2.643312136139442,1.167129579772017,0
0.9444987087419402,0.88223419003558,2.0259104698681996,0.8983222113302594,0
0.30024649491363087,0.18698849956287378,0.8313124888296273,2.3131537240412494,0
0.33087874710962406,2.28989278479595,2.648126028596082,1.4839897738935548,0
0.29823975436922034,0.5009598397642683,1.5666003659441614,2.733108146189522,0
1.0252021151240809,1.1040575688151402,3.4794313337367404,4.162056884261968,0
0.6377671219549299,0.42540970099561937,3.6449848747859326,2.275052321446652,0
0.027030138045435304,0.09567417055164629,3.451405645553441,1.5569109399488514,0
2.062468305348459,1.3388936893224255,3.5500611945566503,0.6265977630160688,0
0.2915521361351977,1.9043623009940782,2.8337921651995646,3.0550921986947133,0
0.5254077385693072,0.6522063766914254,2.786183828929471,2.579644034777423,0
1.9841490636027264,0.8999550926879952,3.4744701107799356,0.7539521781527463,0
0.45982141529262777,2.752767880677757,2.7785626220307713,1.431109091105922,0
2.6885500079103335,0.4565215902900548,2.939206273150782,1.1169221837626255,0
2.0746648492115485,0.9408068880438099,2.689838385420721,3.167542965197457,0
1.8142343061119695,1.3921211520508523,2.34182519413959,1.1067563068812993,0
2.1019481053052913,0.4456343143796573,2.733509603662528,2.9639425332962506,0
2.808863419645,0.534726428753777,2.9511531133829334,3.54980053875247,0
0.5429611919307396,2.959054831354611,1.6822001255062005,3.225367188352791,0
1.3864740936362252,0.2886501025313819,2.3477475924126923,1.0963611025631896,0
1.8411909352262943,0.9705238892322096,3.495215444907054,2.0335757816405837,0
0.5598634777609526,1.2532472605377454,3.280505350410699,2.0443593997726763,0
2.8674996386110623,2.3923609813148223,3.3630239957172545,2.6543608641304943,0
0.7756964803785962,2.0701818719578755,2.3173037425844463,1.3157063106212952,0
0.27025791307979674,0.14455486192825395,0.6823566570968467,1.9978747220279403,0
1.2547120193301213,0.1917513890459951,2.863589410462576,2.3130172907509143,0
1.6601058268491473,0.9628106343328255,2.3445513939343985,2.5189668160622336,0
1.506037506273478,1.0370267807340694,3.260504859159747,3.552129492379364,0
1.9493892522348406,0.44186646723021805,4.314605828149846,3.1788622580618098,0
1.288101511471934,0.927746910878982,3.540411024385959,0.7843110034324434,0
0.5127888700491725,0.6347233605978007,2.4945944705086243,3.048254287010047,0
1.1755573897049507,1.3848601833784613,2.4358488586492895,3.170176438982656,0
0.6410734805699424,0.7290838632167671,3.205406603421146,2.002127598088138,0
0.7593770126040071,1.6113447532843328,2.6859240452680746,2.790602151048278,0
2.255216165799263,0.691220749868903,1.949959883915328,1.8817386624003845,0
1.168371720251798,0.23721758077236899,3.4133364351004363,1.9889102565745513,0
1.3281216107379181,3.379919428935738,2.1141471908138394,2.5044343862782834,0
0.38112121601602733,2.1104792597896487,3.861348628440236,2.111512282884898,0
0.8141607920636325,1.89560130718636,3.219463369412685,2.7703338211027067,0
1.1738132116163094,1.5299085751931991,1.6419509627793802,1.6507149849509692,0
2.1188027901097524,1.815380542669792,2.022722474407678,2.6247623504698088,0
1.1045804547607305,1.4606622411370245,3.501762118114338,3.886234847009761,0
0.7124480172832839,2.6778806019595516,4.758225967349622,2.156599140964876,0
2.838625827598415,1.2594163305460557,3.165416982766084,3.5963784029639307,0
0.2028215807256526,1.7416888041791059,2.1396883005114264,3.324340347189545,0
0.7182402451670871,1.9419890672338682,1.5224125198516822,1.6847350169632376,0
2.381940874376893,1.5253269824660753,2.5223768478630824,3.2956222426479456,0
1.553345828589714,1.1682710884371772,2.445480922450243,2.1512534607947655,0
2.1164800209919132,0.4321633633527018,4.342000570737136,1.5461000187133047,0
0.746050516560196,2.100070817196052,2.77263311656074,1.481367834431263,0
0.8743238206592464,1.8247032531402818,2.3735625982995785,2.1608792716979566,0
0.8141021180505222,0.6639430621018907,1.7312025657070733,2.9309943639816285,0
1.6630568404885093,1.111872010457842,1.9607689953417373,2.268789854410767,0
1.3187500711176554,0.9109427420763789,2.1926479423755083,3.230256893388364,0
1.975236498987439,0.8995290829573255,1.5780371390501515,1.7727639901448953,0
1.0137499752020807,3.1654881053948567,2.8132414825734213,3.308627787298869,0
0.39534481182935877,0.1859243121558618,1.2377956085347828,0.28704153200329996,0
0.9827524464589901,1.1550227957519066,4.555196362046409,3.2585393980110577,0
2.683029891111816,0.4395993758908553,3.6115850688544278,1.382672972802592,0
1.2922148179973438,0.0846932138023413,0.8914749053400643,1.1390146780897705,0
0.6689345369185818,1.5093084661900127,2.637595092300245,2.5724892532996986,0
1.0250835615924505,0.20879652569399976,2.7908057805415867,1.7337588798276817,0
0.6805873352825211,1.8494531708517707,3.143381124211965,2.890516076067731,0
0.4179420785059965,1.136611365567214,2.659237918542447,2.744410877503625,0
1.2000144143929752,3.7994406458224437,3.6693618259033407,0.1691610939646475,0
1.7363083847785163,1.161533339333649,1.9541555343666934,2.548363363980973,0
1.9489501411967332,1.717253750111624,3.59045621465682,4.368375543929158,0
1.152294798210176,2.500936381744504,1.1621347527657888,1.5779062872030885,0
0.6715317125336184,2.2703155870512077,2.3380634926711763,0.39331679365209204,0
0.4176741218751814,0.7873003947746167,1.176612844042385,3.6048735367318097,0
1.7651028397806177,1.2848690343226765,0.02930552022123889,2.4826944081471343,0
0.7014916221126113,0.9285077634292674,1.390100186764569,1.3871008897664274,0
1.724740980511085,1.5680856390087117,1.1121804811473894,3.1982858443011466,0
0.5896214300621889,2.3924394283546104,2.6603774015526223,3.522126503978807,0
3.009570447356627,0.7880249203312443,2.043956424404629,2.958487427002115,0
1.0687413541751172,0.6284202550235767,3.1953125478880575,3.0797778063152226,0
1.2187486274723651,1.5403137462868384,2.893069768185403,1.4378492412733113,0
1.7351959917448387,0.6498314592018096,2.1191469511910936,4.292869576160365,0
2.0766825667134636,2.4115045314124437,1.6442179352742852,3.2481919640311467,0
1.6143082304402978,3.0261896192905016,3.9659868640303815,2.7978820649034435,0
1.6292467744106207,1.9340672155589362,2.1964900129340945,2.065497610759918,0
1.2063956160437426,1.5082816013154068,3.0566141805697535,4.131257340116083,0
1.9623585594006914,0.1722772751290812,0.8541735187923181,1.3958710103462157,0
2.054751504420511,0.8674196030326503,2.4723341230758096,2.434810596351564,0
2.5618468243413783,0.15340710614147834,1.175152229871991,2.8503983677586,0
1.10051472102218,1.4503652382968077,1.2938443692530635,3.2403686215095604,0
0.3931829806753908,0.6330948002298942,4.118329805174344,3.9745605037837453,0
0.05071660605082884,2.8024196059017603,3.673791093713324,2.637312814468646,0
1.09633029541343,0.6302088477841892,0.8442152515366239,2.167774776825317,0
0.6054881203556861,2.466038453953355,3.265791029352106,3.1370788086874257,0
1.480810168786916,2.2027054192593143,1.5667268515338673,2.042330649858482,0
1.7570810254769238,0.0009575218106091521,2.0203157026198597,2.652949157750475,0
1.234525058777015,1.3804523511838558,2.970013169529844,2.547062789160617,0
3.3300263513040336,0.6021636383806365,2.178282387426643,1.605909888417119,0
2.1442670772794106,1.8856074675676,1.580894600739792,2.7376125400365057,0
2.4218836345052077,1.6251377613424807,2.531960160747098,3.20178460198851,0
0.28838315623782673,1.1958813667665595,1.3241809527040016,2.5613567460810716,0
1.4472893944387266,0.8417161343113342,2.6594799707750045,1.831642958032511,0
2.322558992971695,0.10950184591957524,3.2616323259513424,1.0577970880133052,0
3.1538646947800673,0.24354695526170833,2.3857397932502744,1.2429382638461974,0
0.01574135532111498,0.9741964421822346,1.22067030608169,4.478167424279137,0
0.9589305897205617,1.9939471884353406,2.7198211793809324,3.8000077690110743,0
1.1983616174405092,1.4917261829281947,1.6046332218531951,1.9276573518579054,0
2.3909505437667766,1.7217090986154995,2.5611922617891847,2.524089146249672,0
1.3707208595174813,1.3197734511629322,3.9038572474253237,2.1803144497834785,0
2.0215603930319466,1.1203388047893221,3.0675931721762093,2.738674489195674,0
0.6369886964552235,0.3266857727510364,3.2172233453557286,1.0850906892234704,0
1.003992734929509,2.9885860442470937,4.249270516333625,2.277697222136953,0
0.8032291708148968,2.6587979061352405,3.053999213113337,1.9531493166971439,0
1.5039645493519753,1.2498352945421227,2.7125673520723637,2.555945193768904,0
2.7246995284018336,1.439249807804401,2.307585018026363,3.4716070516473247,0
0.13092520450386824,0.5909966207384013,2.3699640004790092,3.8113060453756282,0
1.2135907256933391,0.7624678789569788,1.9289964544348037,3.338628422388112,0
0.9852442175039162,1.5273180979084895,3.390703999815732,3.0679873665014283,0
2.171677618856112,0.11600763818868698,3.3717290098693655,3.2025829451860983,0
1.8164566820062438,0.7523160163870048,1.8803220904885298,3.5932378938687934,0
1.48858375833052,1.2237901791089216,3.6107639844694455,1.0913366368918103,0
1.647000793389719,0.5795371541686378,3.5005337197301145,2.346408000525614,0
1.0754367310778414,0.3938940087612709,2.4383933715340014,0.8616225900148835,0
1.644307450995856,0.226950001745031,0.6516259244345937,2.037755098368423,0
2.349505791463722,1.2183662543669596,3.4480440760086024,1.3867372422504376,0
3.0655911973034993,0.47030097155236317,3.213963219710874,3.8151364752491252,0
2.101640762127702,0.26714347315241116,3.053011056194279,4.127538641803831,0
1.2614634341892401,2.370395558587188,1.8832774086579638,1.6873363961228875,0
1.862300761380148,1.8727407380470593,2.4354924761259977,1.5878629001809004,0
0.07056820832390043,1.6875454484601025,1.955777999317978,2.5958443472745985,0
0.6984827295508154,0.8692866290816426,3.594906580383385,1.1771665167985441,0
1.2222426256924535,1.329161164951298,3.065759691679525,4.392519162378184,0
0.8843965561655776,2.1490583995482337,0.9269234044506196,0.5698710890341427,0
1.6474304317191848,0.49595747582593763,1.0595593727544395,2.9937071560028583,0
1.3525867535431537,1.7049747314236847,1.4959745121886734,2.632502559395754,0
1.427970781728578,1.6841027862303783,0.8763798495892796,2.9733848498675686,0
1.0412154642494316,0.6257490233748235,3.3368227458292328,3.451282307325482,0
0.12293617985422245,2.9464597268620354,3.6310826213803455,2.226494606689652,0
2.4800994790034574,0.007652680259985889,3.742793545831737,2.079829342656268,0
2.4932357861130345,1.7376410488662781,1.7478229536851067,1.32053607578373,0
0.9692992320880328,1.259912299354316,1.490815420369581,4.021300130351804,0
2.1079561228747394,2.64249892838399,1.2518771985798212,2.586220124473398,0
1.0228901652214195,0.8941229414891438,2.4745133475593875,2.177770483863369,0
1.860187340262427,0.625323638063835,0.468320053866246,2.404417763605029,0
1.769465782868529,0.003822121273892143,3.1097359801378386,2.9865078265467355,0
0.3535107956513538,1.4760395862011344,2.164505701968031,3.379160518754942,0
1.832561176901117,0.6475639837871572,2.822821029165085,1.7623043120989148,0
0.7458156119802948,0.664617640957593,3.7281436173029867,3.41183749767721,0
1.2594276143478362,2.43145424100914,2.233736265767592,2.1286434581816485,0
0.38764852538274,1.3616868528506376,3.216325322713671,1.9404656443989818,0
0.483459943483012,0.502027105744297,3.0084775893449187,3.080985065202997,0
0.10834314564066161,1.9540612789710274,3.549724332522569,1.666536024815344,0
2.931916567198422,1.1960082671545411,2.4182766959629483,1.3155032719085884,0
1.6610448306303316,1.1075081529877093,3.812175219277125,1.637235054496711,0
1.6344490800600968,1.8202911779738105,1.8207280734565183,1.8726464727849366,0
1.9046013841583092,1.245218762242167,3.673524829745839,3.863524503799826,0
0.5396853901538206,0.4144776325224103,3.503821326291948,2.742556334413492,0
1.033763285534431,1.7016520120438412,1.9094201804498243,1.875994198048182,0
1.5721883289531997,1.2172313970950266,3.4510293261748894,1.9732287374378648,0
0.18632238018555958,1.1175051545108263,1.880737188255535,2.6222994824855976,0
1.2712951587121455,0.39348850753496845,2.3447138939120395,3.5727079513402007,0
0.05061964776753147,2.9059326465948967,4.034979542222759,3.5501953141271763,0
1.3973397447010836,0.6256411188400808,1.515513532978271,2.981728756958394,0
2.0523976516359026,1.6983056765720506,1.3583548237869314,2.853274689373777,0
2.3724425340517623,0.16169336991525207,1.709127116193545,2.559847938489132,0
1.6261305305697995,1.152174916236178,1.9923240185972997,0.5851983546713084,0
0.7629337132823502,1.648583535739831,3.0913294603514343,1.7672657119879218,0
1.457199591978958,2.6087776785537367,1.137543131492341,2.2470280621756125,0
1.394426249536795,0.9798637381912374,1.7853872263803128,1.420056759449514,0
0.4924926487155721,0.7173464386837245,1.959778866054219,2.757486396048877,0
0.5073624839987385,1.1793616666149798,1.8039079355639345,4.314655693589373,0
0.7310954209502185,0.7710039914670569,1.8053903233224093,0.910828200298039,0
1.7008598788057245,0.5882692455644684,1.4477565167151674,2.301687482790702,0
1.2664562781300528,2.7981286270577774,3.771276946902888,2.9135935837586358,0
1.5759649982821329,2.3919727613266297,2.2485164313994304,3.152728354825106,0
1.62356968279139,3.5299694686129435,2.1457536519744753,3.9850414940060226,0
1.6522677938147834,0.8480082169208671,1.3798688440854165,1.8376665418016143,0
0.807213325755296,2.192539465851852,1.3945924186247964,2.5525306295092696,0
1.342054364105565,2.043327534289914,2.384065935649305,2.1270317897014905,0
1.0554412883820357,0.3300365501280895,2.3145140641712434,4.095603534608215,0
0.38290621839951966,0.8624870450284525,2.5310004557896053,2.1287768767114374,0
1.3233833194148037,0.33282908604658556,2.7055087576599255,3.878504427066214,0
1.6073870210667662,0.2642926083050473,4.0808694193595825,2.074601643618926,0
0.9248144726255928,1.414917288009414,2.1682482976607855,3.7633984004312184,0
2.1690571888746977,0.19748405104587374,0.29576532369893993,2.490885344869728,0
1.3091272177084938,2.2410874549325026,4.238931343980976,2.362746153670729,0
3.3552061040460903,3.0367820609811464,3.2219491987924203,3.6379236980196747,0
0.6708657518708494,2.601898668875894,1.647529969615897,0.7841367577938494,0
0.9115872202140677,1.9841204343711105,1.8834612837551372,2.9926837656413485,0
0.819650738231848,2.3684575013499503,2.3341474516027247,3.0729998686441915,0
1.5324377270352794,0.8092792158685012,1.379832757003246,3.3487737571577805,0
1.5064997387026997,1.6320498884105477,2.3887407529530185,2.724115816677787,0
0.9224814865189483,2.442376764105921,1.7821254138290643,1.5897695598833104,0
1.0547430649279987,0.9417756364227207,1.3133145312036911,3.3243247129117672,0
2.3970189878060273,0.558857204959482,2.3041011468405763,2.9318065455059634,0
3.448856062903093,2.0245653978168594,1.0806604414411212,1.8060833036979311,0
1.2622234380020876,0.4867093482214022,2.990185478613646,2.3544170612179283,0
1.6611489936057668,0.23175231704311328,3.426756881931295,2.5709380690705186,0
0.1921360877726772,1.4909477727725438,1.7629036256138575,3.71767578209868,0
1.421566544821444,1.403950436542509,1.4308624643600696,2.016889501628414,0
1.4633923360575714,2.9321044770378,1.4818709356382032,2.072488346165505,0
0.5108438559864026,1.9069093690097394,2.300382162129511,2.474710852673034,0
0.229255545978718,0.4967265137668502,3.5829577074674144,1.5047080368197736,0
0.9764878072366928,2.3373365084139595,0.9315072282182157,4.280530114161636,0
0.41229964097768346,0.8938456281543059,1.6324177425683062,3.905626686271912,0
0.8277532298944824,1.6865076117662277,3.3407168405151464,4.495415483084268,0
1.6826370945577658,1.9873151313707909,4.39160991645983,1.4501141502430206,0
1.3263073717116378,1.2014730184463738,2.4983378349915073,3.079330479582442,0
0.8663120041268415,2.788498064225985,1.98874112757371,3.5167265255243345,0
2.844220522056084,2.1320406388344226,1.3372975831344112,2.523391777632891,0
0.5973582999727911,0.8798531323760913,1.5808178932450454,2.889208490691963,0
0.4602901530595087,0.9888427911539188,2.8402760419975013,3.2822791273976177,0
1.586201661865533,0.7169024036742173,2.404338565210956,4.313670207629055,0
0.3755486434118217,1.1581494050121317,4.1268753774249145,1.1544173628358187,0
1.558841833883811,2.1057742309954346,1.7921895503328964,3.142151457970412,0
2.820771063211424,0.3625643390821437,2.628238270235845,3.5040832622682387,0
1.5768117322150685,1.491038206322109,3.186985921815574,2.254590184235243,0
0.1912572453302216,0.4287054790374929,3.1342735200135436,1.6539333165034305,0
1.364092389947858,0.713787792950134,3.588403485790023,0.7423943607291779,0
0.37062563328847786,0.42443432029880934,1.9753354562546621,2.7311747453774196,0
0.34762534918502264,1.6765072045630913,1.4119395402105566,2.105457965081633,0
2.0038195804157604,2.4704474425015825,2.7341242402158668,0.8113923565351919,0
1.7918537966914792,0.02246058576375809,3.218685121494538,1.9972924170293136,0
0.8244909669350768,1.4097186214252093,0.9047292462887342,2.636881310747211,0
0.4721698273916882,1.682835757890158,3.970808638164164,0.9917183124683875,0
2.0633500179874726,1.861076419587131,0.7388277138223835,3.771673046077245,0
2.1269339832199576,1.2708790949564746,2.389060137557108,2.802482955584506,0
1.3793476923138488,0.16419537562830389,2.411295259585664,2.502812724016218,0
2.0490335345458077,0.6009139855644452,2.4169213562661302,2.945786076722704,0
2.4221390026177834,1.4818382516196462,3.0881357864248034,1.4926448013781348,0
0.4418694299735426,1.037679683842036,0.5293574120960649,3.37392292143623,0
1.7128002916434222,2.973074343819817,1.6020480043415448,3.3002810518229633,0
1.4351821755979084,1.6614362658196473,2.177529824027116,3.995927384006845,0
1.5573032726711857,0.9916383799105646,1.6607405198595475,3.35288250335696,0
0.7691765732770084,0.9166226046747152,2.3592986992672187,2.992264993430971,0
1.4578642201517276,1.1192399234950945,0.7936874634082678,0.7430046366227503,0
0.7587700504665058,1.9829256765047223,1.5808026446694168,1.5359735905211824,0
0.8514144284107922,0.9923911060631926,1.7920635838822894,1.5657061837636195,0
2.1990297843121596,1.3540114992090748,2.796575269898434,2.0121242100704846,0
2.060948102186477,0.9220869186148523,3.077358958704896,4.259012705577761,0
0.5527501281616352,1.3031929259266426,3.8249031515383853,3.933423592297822,0
1.507164501778105,1.2236055807885349,1.147056832343377,3.400588646698931,0
2.9498914226723345,0.48348985115470255,1.6921166690548075,2.3040563816985205,0
2.3282302247107687,0.18552340523148314,4.119852462702443,3.379184023028047,0
0.3498970497916546,2.453312471562927,2.179742703882855,2.659510787388277,0
3.1211506054566334,2.2771972024442784,3.197382815817387,1.5488086261356873,0
0.9610714729555354,1.7095060040383903,2.3138821927987925,2.0575798730151824,0
0.6577869388306674,0.5577872515201017,2.873913574648615,4.807868410734603,0
0.6434115897496646,1.8447990452364156,3.3733358074544917,2.3865874276745807,0
0.1920629608806702,0.5341384305249537,2.7941491183150307,4.428849932996203,0
0.21869207214011077,0.5812913545332238,2.2235310179078063,3.0450615779646877,0
1.0025979128701057,0.3667787482842262,3.6336681268178608,1.4907992291380319,0
1.3047443148486042,2.242931832158643,2.4808209965279873,2.8357238939272102,0
0.04900080587514821,0.627526835214353,1.1793926654584788,3.365902583448887,0
2.208355670564457,1.6067860175641417,1.9316407479888662,3.127236680853993,0
2.5616498098426814,1.7256894706982338,3.152226985574551,2.77156949769925,0
1.7746522439094154,0.7494581194539803,4.452255789245201,1.871614806382566,0
1.3875785036964823,1.4801911843845807,1.5129813500158376,2.830440589251979,0
1.5343094730762692,0.12383301331337304,2.3610185495767078,2.3684781824567063,0
0.0804257389828944,0.41554400629763777,2.4743201969278785,3.084199115899643,0
1.8858643517844018,1.7513476837126931,1.4684324378824682,2.6098022252234907,0
2.5121960905522425,1.0426638458888833,1.9692158285894328,3.1169702816831446,0
0.8587451934989121,0.9773978687320306,3.502960972418603,1.5818943505296001,0
1.301913953924954,2.39416568444302,3.378266463150757,2.362653370631233,0
1.2708946606453024,0.8777631429729458,2.889540474951342,1.4245693625362412,0
0.6630373092648432,2.3617645432383063,4.26090438577806,3.1995191790502533,0
1.51043337369626,0.6030791482556473,1.7681484868655235,1.9703942353729285,0
2.490792850399532,0.058722695462199326,2.4153319943022753,1.3859315902185463,0
2.6866322152486846,0.2551644446421435,2.400217107130885,3.2306750805597644,0
0.676177878408152,2.2772818985384964,4.665334263996014,1.2887435871369426,0
2.717488824812283,0.45876598392801937,0.6189218700489658,1.4740036852978138,0
0.6384700026888568,2.636270390750851,2.839313353935056,2.6649827063430687,0
1.4614551202596604,0.8999500815843292,2.021679961722445,2.0499022834244505,0
0.9614182814989443,0.5537403715026866,2.5369238735124933,3.9662040064953903,0
1.585330214126023,0.9149256206786359,2.2610953028348577,1.878922131923384,0
1.4396759582360512,1.8180560227947564,3.644844559460677,2.3548982138211114,0
2.2800574265571294,0.2981259851712874,2.038341970299579,3.195934954975584,0
2.787489638611245,1.2169957276584198,0.1932809423886761,3.590643702133363,0
1.8366650777741191,1.2137549833445005,2.8943194174281794,3.6692794202006396,0
0.793234806588838,1.955363517509558,4.7823717362713225,0.6010180996615018,0
1.376239778749798,0.8269277075680137,2.0616369811784416,1.921622340268022,0
1.4681318500731881,1.1470044611434929,2.3506331252571178,1.5319881112563363,0
2.222406176697047,1.0670216374950463,3.6391155782461357,4.769222785192978,0
2.0759978669075174,2.7727910027182094,3.275701917085013,2.2999655697787618,0
2.997929834512739,2.6730472466649573,3.620190085962168,2.54624976239165,0
1.7828561311490825,1.8445476125271385,2.1756981847810533,3.8175551129229004,0
1.2105761081419777,1.3943532624066663,3.7792849572538145,1.985358000597789,0
1.6265728590493373,1.5473330306366977,1.1986461835751736,1.5587934079998764,0
1.8531417922087774,1.901909070990613,2.4409564267057626,2.5136126851737464,0
0.4710886570849331,1.2002228538864463,1.8584731912743033,2.689311047726323,0
1.6300006539369984,1.4836301292005734,2.117804399142411,2.860342902612214,0
1.4788356263348637,1.726078259910934,2.179521724557442,3.032001999992996,0
0.8697645688068896,2.484833703159901,2.0979463431809386,2.7799089783958917,0
1.1715483374657236,1.597322270035472,3.3968504804919633,2.3823074792985444,0
2.170747937760015,3.032814835111743,2.6591662463104204,4.103200232082525,0
1.515721796281293,0.5933189534403625,0.19059693528567356,2.919334848468673,0
3.130634388349116,1.8499000012159486,1.6106110134820248,2.1726741643647753,0
0.4329915866842218,1.7917755431424767,2.8396285259259586,3.044843299670361,0
0.15729350425916333,1.0970430738816788,0.7155497507287536,3.7912766050489584,0
1.9186656039097705,1.3987427327203943,3.2968537584626247,2.3587460195292165,0
0.07116775487673521,1.3880550409975658,2.821242041757437,1.7590899334638164,0
1.204237680019834,0.5221295148714027,3.171177815116982,2.3040963160606545,0
1.4267862344949553,0.5590349118366604,3.4517701760060335,2.71588919132558,0
1.1090291371093126,0.1459504764413011,3.4567802363233,2.7881529038645683,0
2.0896293283641203,0.580475307381787,1.6765364927898312,2.9402733487114823,0
1.934510117467878,0.6876868923263304,3.204106438782574,0.8213997328737181,0
0.5050719199524404,0.1438698478495174,1.4131633288507992,2.0001586190473883,0
2.1191190681823056,0.9296533228073243,3.683405685203881,2.8702344864455864,0
0.11661679139582437,1.4181379512538417,4.215160417683248,3.8025060524524985,0
1.606522179328627,1.0408000053852786,0.557532278449477,3.077696567232436,0
2.007106578569399,0.20076167135752088,2.6097216712235336,2.3890088677019747,0
0.857769203706332,0.9172798299879619,1.902805957656292,4.037489599739093,0
2.4467766182905484,2.338195255977157,3.278746095056154,2.391937663570132,0
2.4632734396247447,0.5534300972057613,1.5403640904957636,0.47090593861877483,0
0.3199017639883246,2.0000031173476884,3.4614008871037862,3.763905990766589,0
1.0716440283325317,0.26175606861707024,3.326250277043559,2.1492715765494563,0
3.034929978007211,2.197304014898024,1.2346806845664804,1.5509602315743596,0
0.24205219002942713,1.896658175521168,2.3583309225937517,2.74038168770757,0
1.5041303347867578,2.6280173204013186,1.866678320266832,2.0324360914636395,0
0.41606959374025954,3.7290328588722925,1.9971658710278035,0.5071271076882666,0
0.6360072729613501,0.9784251450110761,3.2699262259382555,1.7369254291481477,0
1.6997248089347061,0.7010312609459701,3.107905313001636,3.3782642804890672,0
1.87648730490326,1.175408355244197,3.2062636956421566,4.424689495399722,0
0.5018996774786255,1.7998493793088992,3.1076036259103987,3.9252011300826903,0
0.2604903494004589,2.362567516416876,3.4135308956465567,1.9858757823472668,0
3.086845926912519,1.2238173322765022,3.1377571900488492,2.3732135471167832,0
1.7460531770734558,0.6873973426454228,2.405038799777765,3.206895646330288,0
2.14380469160915,2.412796716400911,1.9499014800970933,3.6349361423553175,0
0.2288471066052038,1.015249461608749,2.0027132010471727,1.6542670160951722,0
1.5126303074010425,2.0556224038718005,1.9414408045571274,4.02772008631289,0
1.1972759302310343,1.2601068558006172,3.869026784248494,2.5294305332495095,0
2.1872752489801623,2.341759109289546,1.893534325122335,2.1370495992380665,0
0.3048990053337226,1.1207077154257503,2.3087833482795586,2.3346981374208893,0
1.7891967697406868,2.593165967023502,3.816248862461386,2.185542171788568,0
1.5709910486147802,1.020485996184795,2.7267115992665123,2.9499899402700214,0
1.5063452186028852,1.077100207400393,4.6791224328201135,2.552031361299048,0
2.1068723847335287,1.2859657151166657,2.395067311459915,2.7819364706929948,0
0.8187238343335602,0.26618727177579715,2.691952691938896,2.15639906624749,0
1.2840561552562066,0.21945493195338284,3.490031058416152,3.7977526164369833,0
1.9797004709578938,0.07635501922532828,3.177512771245212,1.2692906235090238,0
0.726061569414161,0.817537067736992,1.620423731214221,1.4192672372101047,0
1.7118149314708955,1.9771231637336721,0.27685110264279533,0.9540949323730765,0
0.818597106699702,1.2761222781759054,0.7875895738645413,1.8169614370300695,0
1.4846771665754368,1.8100822098319869,1.6346816929975372,0.5773894615973567,0
0.8007999425367104,0.4214899069932676,3.754265752909597,1.8082354452894074,0
0.12433232524514082,1.2691462321850062,3.141745161862757,3.1147780167901944,0
0.8900555513596153,0.665752441572219,1.2963886814518237,1.5948843015245457,0
0.4018905093560817,1.5963989571616033,3.238499756468267,2.782986344017055,0
0.6668335879148026,3.0037635118135317,2.0106386208009295,3.5042430878354898,0
2.8419390633718242,1.7378905179181663,1.8063080167744723,1.329631588239611,0
0.6128675668378377,1.5350987158162894,3.088411610536662,2.4046240707158244,0
1.6038900852973985,0.018178246957447297,1.9055913405738143,2.542117532247084,0
0.061311261279872076,0.6409381892914725,2.534389395449707,1.172567304800499,0
1.3485203276214301,0.7735468681635528,2.00617836780039,1.6561885939594656,0
2.3076438318075128,2.7459536616635396,3.4933920169156805,2.3608988628640653,0
0.5157502233610343,3.049054991311517,2.557878763662269,2.4474940385973767,0
1.4047848136621583,0.4890382508101261,2.7047573361273405,2.5617789905693376,0
0.3411683260471744,0.7206992809291374,3.0875715518163203,2.629671894616768,0
0.7295635346502011,2.185201579895104,2.8754066276035517,3.4930231642698253,0
1.641362972428471,0.4771504871367447,0.02882759238064203,1.819641973572066,0
1.688551827659881,0.7955482103422922,2.9426192594875387,2.0837516558205675,0
0.5735078675903789,0.9802015804899804,2.145796088399839,2.4304667760744385,0
0.4941961552543692,1.8834008219379155,3.619923871883609,1.947115152488374,0
1.1336557694595948,0.05568778417101938,1.7902010088282827,1.5987133913513611,0
0.5858253875312949,1.8725314127025183,1.6574940203490292,2.8997584804977152,0
0.21660376989208396,0.6822760367093583,0.5433311409646409,3.8720916788327147,0
1.9108231524524886,0.8743453307536417,1.6308704822205333,1.659525445857815,0
1.4316344605320674,0.76262848469587,1.6605376803572023,3.370865983709755,0
1.9302528495107152,0.5408739500992632,3.6214576563836545,1.4210724627931406,0
3.528161541780259,0.7372914965135324,3.174728609993184,3.3811825576822354,0
0.8971511862295132,1.864320386563497,2.5013919732225802,3.3440799230508764,0
1.1039216146340822,0.07929800843656665,2.2420248446536277,3.133229991962984,0
1.0900700392422786,0.4697902195381437,1.6608597148329993,2.7811662667567827,0
0.4999346999412235,1.5505653807628457,2.2830345689260834,2.5691296067312357,0
1.3898975959605437,1.2567391910337538,2.9964651811681553,1.467316663047014,0
1.662733611774435,0.801361945263762,3.0330104922578336,3.163719397225345,0
1.2012033416438417,0.6621912290596554,2.8821338161042758,2.2301280010965567,0
2.2491564896838137,0.9875297594214687,3.406348548845065,1.6920088890930862,0
0.3879850227160274,1.9915712906110423,2.859659511038922,1.9424306440618366,0
1.1811280008978489,1.5986681789175927,3.338739402131126,0.8612945608223879,0
2.30228038222904,0.5079342121701843,0.5260185069206453,2.0199379243002618,0
2.1429699308269026,0.4918685757832876,0.015276826248993736,2.7502949589085306,0
0.4366048063954684,0.8745796026619421,2.571239518250322,3.263091363940494,0
3.0112119336435588,1.0893323128876442,1.4584587977813777,3.3457207207567476,0
0.04773134665219114,1.6738025318762535,3.6243838319941935,2.6879957388685276,0
2.3066649802912886,1.3281436756381788,1.7363266081534818,2.4892381674338715,0
1.0486610899061088,1.0532168855180544,2.723726898939148,4.671289770975658,0
0.9067872548180801,1.8425579761683406,2.263052086708801,3.480213974503215,0
0.06287573195424245,0.29894397628106606,3.9230327025671095,1.7800786550527037,0
0.45476346904320863,1.6153529528457962,1.7302402711416947,3.7844857303768524,0
1.7481804841480784,0.3279820278938651,1.5351196760829025,0.8958402683225122,0
1.572567858261838,0.856532243473182,2.3970774772507406,3.0224816270423314,0
1.2362546632563214,2.2763771675143656,2.640551278912541,4.170169462627706,0
1.0905856338624564,1.1168150478562702,3.6338322722091245,4.259644054949036,0
0.04882810152665584,1.3491471756865825,1.8889294329878559,2.231595791999265,0
1.526513888110578,3.3003019507218028,4.034522090066972,1.6745416089405614,0
1.2761244835052066,0.4590818285312869,0.9677473252601221,4.143385835119506,0
0.9452357664636739,0.9967940062242159,1.3946236917625061,2.9821500427196037,0
0.7012088265338192,0.1755844744166173,2.550407660971316,2.932692166740611,0
2.404060791342616,3.566924494440971,0.8987896791853864,1.8283000686781432,0
2.2735527779140177,1.8185139574232267,4.0235531662688775,3.442428752737536,0
1.6609542438160398,2.0876172950420893,0.6401648273979696,3.048762768462463,0
0.9519229251807019,2.583893920865549,2.516935678104453,2.130927816201999,0
1.9848634840555377,1.546052601659715,1.4923835273032167,2.4172735390157882,0
0.10522657721940398,0.6186281236833131,3.1103700101533542,3.882495424051857,0
2.667556488452074,2.413396721127992,1.9748801015987798,1.1495838991107155,0
0.23595487449844754,0.7198329698012581,1.8390175226229188,1.5761030236935154,0
1.4909427116157614,0.8243347642004922,1.3313970526605077,3.6303954380910053,0
0.5218905842160707,0.09094037890852658,1.6061981015379483,4.092126172038995,0
2.206179128964026,1.7112024649666222,1.3586208584281438,2.2559371061977496,0
1.6168747965468468,2.667022269482854,2.5223161559866245,3.4192973301547056,0
0.9530842525704774,1.7168965386613597,2.158244753613912,1.402754953107896,0
1.1464012289970993,1.5921010429901112,2.661533984668326,1.9144688615388987,0
0.6563320126648935,1.8762274684734275,2.0781587760900186,2.462935312534168,0
1.093066250080647,1.9935537597214519,1.7822539704023783,1.786050158980557,0
1.9273019743503002,1.394089771508257,2.410646481135179,1.8315819470100847,0
1.1800840783773339,1.238849213671414,4.268877124678774,1.1844109042452469,0
0.6390091765899569,0.7367881638223126,1.9398283697053382,2.5369600022131005,0
2.1261400545869282,1.1767584810527403,2.314200645218755,2.0300260475278566,0
0.722953810448058,1.683650287140133,4.00379707158523,2.13901828299008,0
1.030866740220346,1.2684429793304144,0.3775686856428586,1.4654142558767835,0
1.6291637228831264,1.8101811411539408,3.603584300948965,2.9809934849089696,0
0.48836298646912457,0.928074550150532,1.469343725378722,3.1671006519357454,0
2.260754930271735,0.2884747481032882,2.9323609097997108,2.044715174371745,0
1.1476923852697527,0.878103580899891,1.7901557932952472,3.337996377182934,0
0.0972595195161382,0.35596689022070105,2.3407048456511346,2.7040910040380806,0
2.4283865946463195,2.1506973052403406,1.0834084736289318,3.238559840458526,0
0.6064775527742399,1.3400480350238986,3.474591743611703,2.319298798291507,0
1.4660854274422008,1.1361180701728997,3.7755898100756182,2.5265711410638665,0
1.5888416406967756,1.6474320579803536,3.149640591290252,4.062843724644753,0
2.0066777656354176,0.5683540138393764,1.1704056098039455,0.9832765806914823,0
0.29238821733726617,2.9656863967123,2.491862619468607,2.5625311382560896,0
1.1149927361963459,0.21908967306260774,0.3367118444943258,3.4605475604469937,0
2.1627861747325525,1.7976366500695908,2.341938424131025,3.982434561159804,0
2.0632975670333824,0.06952483341644167,2.304469115101618,2.101452761669413,0
1.106741064304462,0.8277045313498409,3.0764412870956375,2.619866530626988,0
0.5624355876546112,0.7178876663651572,2.0195620311110045,2.7976846090679723,0
1.8201669735401629,1.1469617014373221,2.339997594212377,2.9128856771638754,0
1.0890724849982816,0.8036372749855687,4.33194116657544,2.161942481848712,0
0.9729943013221881,1.1375441538133417,2.996162333745559,2.550088685652113,0
1.7711908573612076,0.21636853475875406,1.3043149652424146,3.985838648240313,0
0.16156150175870643,0.404876275574539,3.5193545427868447,2.708178775494989,0
1.0479209344768665,0.5750126922483039,3.3141954228101658,2.141114142748715,0
1.575357417372559,0.07061451410974251,1.5322467874789054,2.0957457701439433,0
0.6741258938576482,1.8418694412873395,2.602326812318684,1.9034880997221117,0
0.12996320635128655,1.3106219307439382,3.2543671811831194,1.4107221459305574,0
2.910305901923687,1.0599429822899675,2.2967003117926175,2.267557065663226,0
0.2737274493343952,2.2069751033205063,2.7478090307198597,0.24523736092324988,0
1.4432120873790115,0.6524816578772892,1.6870906320119112,3.262996106734732,0
2.918329283415364,0.8279854605849867,3.4950914176360635,1.5581675824445682,0
1.4216191127461624,0.2526495061663895,2.897082401274774,0.7093758680677154,0
3.4314154001820034,1.4921330637588373,2.084520794047432,1.6401880335239771,0
0.9027303394733859,0.4952876472152017,2.276065639921013,2.6317627254315004,0
0.31541986642735076,2.094523097494358,3.675972247589981,3.6604413079097355,0
1.3316218385464826,1.8945318177177806,3.141435577547757,3.617264885537801,0
1.7631962645915242,0.33181877793515036,2.5763833865242085,1.9964482816318898,0
0.899683804633835,0.6766072707895276,2.818473578205254,3.836210312805746,0
2.606729482662927,1.701907733040372,2.5222142333468063,1.1067397483185286,0
2.5878442588102866,0.8152905981965674,1.2823164266136455,2.684061278620908,0
1.504240607995755,2.107883678172984,1.997971994546551,2.456227236519806,0
1.823690905264555,0.2467792319129548,1.2905732714076403,2.589178071372768,0
1.7372038208117062,1.092298954896916,0.4290384111280603,1.8396105964593934,0
3.6834477851555127,1.4747487739083454,2.5159859722308395,2.5909380857007926,0
2.1360198160461494,1.0018560620183958,2.6639332702804936,0.36973352217733035,0
1.2423531646037578,2.0528746091924273,0.2290716563196069,1.4705941990552522,0
2.4926759009375266,1.4643921280038323,2.5474166809427494,2.868994106461209,0
0.5425799208689791,0.6035772000386797,4.656717800087392,1.3870917717191305,0
2.307545041245268,1.8910203292704475,2.8530141590018663,1.7505099508769226,0
0.6925110629153128,2.303206754570568,3.305583326656468,1.8624069788168631,0
0.8993431565566472,2.410804449479342,0.44233285926851007,1.7019987063779949,0
0.7658825022893055,0.49767610290422937,2.407522236004174,2.6472010374402766,0
0.6237549751243829,1.5047822435796456,1.3592352645806203,3.317562019063228,0
1.3582401881452637,1.0429953018362277,0.7602475300862306,2.3557132387641846,0
0.29051331539672187,0.36453618641560004,2.755823071439589,3.9374214515810886,0
0.45666475947360874,2.4073158651429294,2.531467550876948,2.996285110347948,0
1.4480658265536328,0.37363674819348347,2.3280270995468286,3.7150433621956402,0
1.0085896055604875,1.0133229686694856,2.130544409439739,2.9211625002153223,0
0.21091724117378152,2.4917055789654876,0.3534030074973513,0.8115334905372986,0
0.7428039642568462,2.295851424085076,4.103217371329643,1.5252523842036667,0
2.097307555169443,2.326602445851754,2.9627729395549864,1.1945605134348565,0
1.5334972822813264,1.1488987061973523,3.0140233875895546,2.825903256740882,0
1.5112272210055742,2.8830603985625456,1.977815600503931,2.4964177017933835,0
0.236470592339609,1.8460318517096452,0.9875645078024486,2.3531950187081616,0
0.570639400064999,0.5242083570814227,2.132932928633508,2.8018682356520532,0
2.556097261564985,1.4888592533119545,2.4597206718552522,2.5293405070612702,0
2.15099693901288,1.492980800059915,2.236442598824691,2.987088794555332,0
0.6971794525893165,0.8916560862369081,2.708156209094298,0.4574565383806921,0
1.3237572212990552,0.8956903936217459,2.213907628337765,2.2704747931550098,0
1.4157087818961616,0.5528596145456046,3.7351572986441015,1.332063914362248,0
1.5676049895625996,1.730084341216254,3.667454674163605,2.8324722971029725,0
1.182298082024226,1.2533965394791051,1.2294448702190468,3.0966074421721155,0
0.8532012309928446,1.1915727105189662,2.3344332886762227,3.530932281324258,0
0.3181112967554013,1.2877543076419051,0.8324103412030253,2.82222265043715,0
0.6649177473192572,0.8585032365300361,2.5376102956718003,1.8223887957530067,0
0.23601421611715856,1.6615114885292495,3.2598683217943325,1.8531468700681808,0
1.2508354656868264,0.5606992926602136,1.8033794069068985,2.371815388884274,0
0.7248380257016396,0.4853994162262337,2.2903968480797956,3.0598979263865385,0
1.4552869914401998,1.264153912184785,3.4730136895201156,1.9794945802258406,0
0.5082524139837549,1.7498475470989518,1.6320351748012292,1.8281046029618355,0
0.18281499369423682,0.09892587075251791,3.7719284762696956,2.3767555427799523,0
0.6877142039195037,0.7362307219347444,2.8484285709645336,3.142917056888086,0
1.5264746455023466,2.0786078590456687,2.416720011851994,1.5718978806791684,0
1.3227061662239,0.2537698981135229,1.0812718192008852,2.4488440038976416,0
2.6220149993906583,0.7565413126713272,0.6367322389501751,2.6745544711957674,0
0.4334893362109703,2.351403088077042,4.085291074054156,2.5064379615319283,0
1.841248049150043,1.240398151697832,3.1279952051705173,2.0576544172302755,0
1.4070593268321145,2.01728899903563,3.640784414241301,2.979170601354272,0
0.9541616920987342,2.1197976188620586,3.711124384696715,2.5323361614227706,0
2.2807349642441155,1.1187793654989187,4.736272501161435,1.840451535841769,0
1.015639465322644,1.4318481699221772,1.547037168478877,3.36763413409209,0
0.8784822567703157,1.1002055253987122,2.2301944850272997,1.6535073116962122,0
1.7241392955693249,0.8764718000633468,3.629095576784956,2.926164723441735,0
2.9430592857567324,1.221806124215595,2.5221035701069052,2.1952056124578645,0
0.5191779657816706,1.1552269744781252,2.510228894464601,2.9224261489393473,0
0.5737085621137256,0.5142419102182261,3.1391786245850346,1.6740368128379255,0
1.1916991520552815,1.3316060664346834,1.8709314943763393,2.573408765836891,0
1.1869431995744164,0.9763130358184293,2.830982138832193,3.120474457359236,0
0.5269861945533436,1.988658080667107,2.721252744333015,2.947191729282252,0
1.7814388359863351,0.22998634305776233,2.326112201825744,2.2686288047482748,0
1.7745661254818734,0.4812817797154004,1.813580637782066,1.1785447788972678,0
1.8978218794292547,2.08513880657354,3.262435485488731,4.554070995824164,0
3.2780266227534085,0.9683403513261,1.9213299179520997,1.881462534514228,0
1.5492566507921461,1.1667982483078851,1.5396343556918537,4.519991421314037,0
0.9501501746374278,2.209953335124691,2.5643254836668894,1.8972594459381988,0
0.8728761963396394,1.5157006391209187,1.5804985328982792,2.554824883191088,0
1.99995375443178,1.4246653437492518,2.253588768864162,2.43139337527012,0
4.129029027235236,0.11134200026711194,3.3617728307513897,2.6531838963262717,0
1.163895950407774,1.2971375600982913,1.9282826288686061,3.3684576264388886,0
1.5064636720339064,0.6253107600859718,4.000312818048335,1.3504987812326175,0
1.0917558629450086,0.5849836623110287,0.368641958750096,1.2545387374806067,0
0.6716214101254833,1.5756246415829747,3.097475213119704,3.723032094444416,0
1.3606589839136267,0.28856703675989237,3.063711773411441,2.0597831202660917,0
1.5846425977195846,1.7334103492949686,1.6262656023439184,2.43633440850525,0
1.4324122298576125,1.1849753100364508,2.569399496663592,2.7095627666943845,0
3.453174854279317,2.948476132756042,1.3356187479765966,2.222106188287745,0
1.6526020855279544,0.39626324225614484,1.8794537766885515,3.472118220813239,0
1.956974827523309,0.5737666337016468,2.56406359587766,3.6245125056725493,0
0.13325018744651707,0.34610899124041306,2.447031958742071,1.7182535188873458,0
1.2404700587636828,1.5157289152290732,2.7761623894152154,1.787095902995557,0
0.9549476672180341,0.4857162384828696,3.815181284452156,1.8210582736402707,0
2.088243451188003,0.2316735010982146,1.0311605830386474,2.3234193664781193,0
1.7864858257521763,0.05691594019473967,3.25704688969123,2.6073478306792155,0
0.7559366515446605,1.424562378667793,3.1084933802205947,3.256732481408463,0
2.201530366399399,0.21391038498767856,3.813460939393086,4.585959012534069,0
2.0447322484747597,2.658317131878153,3.252353715143064,2.41144088009345,0
0.2150827653435865,1.1032968155951552,2.6304527373208413,1.1125786659131027,0
1.048379476921201,1.96631038913813,3.6031963228683406,2.4507813050809135,0
0.120110763909271,2.7929461350874334,1.4082133582979364,1.95454961648718,0
0.272078755285313,1.66055479455984,2.8429058720673686,1.8209859004677604,0
1.178438065837729,0.32291210835630124,3.5294357617620884,3.263023908248136,0
2.406483261720477,2.0537242256369006,1.1953508859342419,3.2083130867803673,0
1.719138356613509,1.7089177460642095,2.5715340885722378,2.8433247625286566,0
2.173563825220037,1.8551382734997717,2.4861044559781695,3.1766305362567797,0
1.8060559507216625,2.479879636928458,2.7584311977711184,2.2075906154147473,0
0.7980050989713549,1.1331208854626065,2.5015337532624753,3.6147376956703567,0
1.8928945688846737,1.906903963603792,2.978494434294067,2.5068996646956814,0
0.357919212326812,0.4482743309226004,1.214150742568623,4.4876117885032984,0
0.5571432594014738,2.6638753801898414,1.1938275892564063,4.584666708751203,0
0.13228562176353953,0.19553684085188872,4.109650825233968,1.3906778413600265,0
1.3320670588770716,0.07538342216551763,3.023502225667621,3.916427328386964,0
1.3850027951723904,0.16957481696745014,2.2339160640042506,3.1414898291766473,0
1.0284127033993264,0.701092553168488,2.638199560820267,3.5864966293441443,0
2.113424035916842,1.5907898405368783,4.546996318339503,2.5078998159324244,0
0.4491466225670797,3.0030256693336566,2.089527536580355,4.041865645180581,0
2.343827114017717,1.0138588660551158,3.2801079571024507,3.864417088731095,0
2.600794370641628,0.9503089147425717,2.2487416019300044,2.7061942256554867,0
1.7282611871839544,0.6490025988736317,3.3474007054384307,2.085728046792442,0
0.16299456867147033,1.1328133805086344,2.741861992065322,2.7053305250610524,0
2.72294984335054,1.4781249943585906,2.426146099423866,1.476579266706364,0
0.10281380657720707,0.49727910982690426,2.255681940420676,2.7894928176899687,0
1.120235116549932,2.215940377153219,3.0723677157468527,3.472915209453775,0
0.9629120367012374,0.37425587196796073,1.729323101323386,3.450124379925353,0
1.5052890097933105,0.43000108325009123,3.132134491154326,3.772428857265348,0
0.4343582849273492,0.39614321547067277,1.668622410431833,1.7470667004249378,0
2.357316759179794,2.039363069371369,3.0196173896040506,1.8097299611176698,0
0.42136904710439227,1.4762198490212404,1.8540448562166354,3.1528499393494807,0
0.792740685354774,1.3269891032070598,1.7592334492512465,1.7469259864075208,0
2.043371104415824,0.3150375068519815,3.1484787772063356,3.6082384791481497,0
1.3394668549161926,0.6986521880338524,2.153782370948029,3.48764840797954,0
2.6258005070331407,1.2045799039370668,2.181273038089891,2.5072240422443324,0
0.19524668260289457,0.6111983461365542,2.5889207905796523,2.80248936330782,0
0.7267036000183094,0.4201871651250143,2.7612839297187017,2.074070458416943,0
2.7792258997374972,1.9408298258499994,1.361013979893156,2.41421701649786,0
1.0076144192630594,0.4007842548961261,1.6709774175665917,4.564736175895981,0
3.307560820996556,1.9205972856078988,2.7719669320264897,2.165816209253023,0
0.13938879213854827,1.3272535459954415,1.2040858194941275,2.0913742701690805,0
0.4837359089368636,1.2448861596762621,3.145632042341542,1.2714298958800212,0
0.47541431384655297,0.20127525338091767,2.793714843402375,2.1261465301842986,0
3.2302205523080403,1.7333047882523887,3.732184055098566,1.0270646182229024,0
0.8205376268126179,1.6856553295559276,0.9193759129161938,2.024356403958278,0
0.7388950708181977,2.47017007942552,3.7607409737018624,2.5730081642777414,0
2.6355817145903444,0.8603037556490549,1.6629792141188036,3.2188538298813745,0
2.0628384424660138,0.11255115642979707,1.1719607140590678,2.693234605285017,0
2.2072900011598904,1.1509758025711914,2.5269342327415547,1.9868183937396924,0
1.156208208761272,1.713694591400546,2.242087541223053,1.3905414489148458,0
1.8369572915219834,1.3330075495875824,2.229979009687549,0.9784244024557687,0
1.0516949203799466,0.513001336965736,2.4407104243628086,1.9555705323793333,0
1.0715362303984335,1.7951232127482257,1.9973805731541847,2.625893177813323,0
1.2110630327805187,0.2301320010150687,2.4170127451147114,4.2065782130678455,0
0.6402991772212647,1.0373641686628314,3.333078748921732,2.081266923106193,0
2.725553367194496,2.0159368148545003,2.8350950443871596,4.72778554261829,0
0.3413570004246632,2.1518092312377055,1.7000574672275357,3.5512639213586765,0
1.3122902059996253,0.3608465106957931,3.500004911785435,3.5758222490614275,0
1.7950302042902966,0.7438947004609653,1.9707809630655206,2.0314134832560993,0
0.11821009869479626,1.0418073324679864,1.720497578060395,2.600006963098685,0
1.5658065293514993,1.1173451305790427,4.272619477569489,2.2043689059706377,0
2.8709717135919433,0.9845003566160784,3.1613911611506857,1.6926586596443929,0
0.36111913656204053,0.2792487004232562,1.9693918371126615,2.4108667585510224,0
0.020056612744856928,1.3193294318101796,0.8422895196757696,2.1277103089947995,0
1.503990382201246,1.6020761516785043,1.7013991743536365,0.6901622310001594,0
1.2680159227693757,0.8961658053723502,3.8242922521976106,0.8913085626250883,0
1.8174993211900792,0.5067575937149524,3.7920832975331047,2.6583710698597653,0
0.1965289557292328,1.801984293826107,2.1765902752419573,2.225042541116532,0
0.6203744925191903,2.007365056606387,3.7820424105206896,4.114201477224704,0
1.6696227203971332,1.8736494665612178,2.5876134257017163,3.4799615332730487,0
1.7388756075848417,1.0168404678330816,2.004511110647677,1.9045509346840805,0
2.1333609159635336,2.1692998848540914,3.2433132917442418,1.5120595618974613,0
0.1406888996047213,0.5211485248129606,4.177201585757501,1.6639986734506933,0
1.7544730366314627,0.41976438282302464,3.066574883246541,1.49080269375383,0
2.3324558021514417,2.3520650088400346,2.400626987174478,1.859214180856886,0
2.221442476917401,1.899809558602719,2.173400976394322,3.555720051574604,0
0.9150067011441597,1.6441359347684248,0.946692599357259,2.658153849877257,0
1.6671675609595482,1.82038267271336,0.07671321540117138,2.3307417360832723,0
1.9984376663863763,1.2852186274607298,2.4153749040248824,3.05154646988154,0
2.088694874204558,2.3682437839215904,4.098060927553297,2.96617662076606,0
0.6711026189836766,2.1982855317971106,1.4520194876923134,2.134421916774745,0
1.5445209248307368,1.4022937779977447,1.6434854345607388,2.6849577347272584,0
0.6107499238659606,1.2307636090231056,2.953614499805578,2.741203292320701,0
0.6652894877828917,2.9152746798922875,1.5442914732993702,2.681091737179446,0
1.8889309123972917,1.5993467727507429,3.096265238516648,2.9960394646465063,0
0.3740838772109688,0.09140207509798237,4.765966369809249,2.4960872517581127,0
0.6284353507480591,1.1239371651395116,1.654748676941643,1.703238283527627,0
2.0606018137288653,3.9143686425071977,1.8205683782158548,4.556779747670321,0
1.2372128986089568,0.11256317678071082,1.596744170073743,1.9646762429614504,0
2.632963128377516,1.2814073660887897,1.5045990865902157,2.9879757701935334,0
1.9124292220994996,1.3205601508428957,0.580318561254886,2.8435125788977853,0
2.0306367501531697,0.7550620644717738,1.5460625579790221,1.625629098956584,0
1.0512286801368431,0.6493460980862291,1.9648685365211063,2.497691996540589,0
1.1564576669409872,1.5715787240377428,1.5622820384365568,2.125913642424823,0
2.390362170442222,1.3815502268501605,4.056234412167594,1.8527602419984113,0
1.482924294747582,1.2933355496828303,1.0711541694714268,2.0212110975253226,0
1.529766270746316,2.3160069305871405,4.059526224541218,0.8416966168174727,0
1.3019760358499528,1.4180444913566048,1.5254183160383636,2.9578837295671363,0
1.3404495113906791,1.1654814862475518,3.0439766964912573,2.611555259130823,0
